sequence_id	sequence	rev_comp	productive	v_call	d_call	j_call	sequence_alignment	germline_alignment	junction	junction_aa	v_cigar	d_cigar	j_cigar	locus	sequence_aa	cdr1_aa	cdr1_start	cdr1_end	cdr2_aa	cdr2_start	cdr2_end	cdr3_aa	cdr3_start	cdr3_end	iedb_receptor_id
			T											IGH								ARVWYYYGPRDYW			199349
			T											IGH								AKDSSSWYNYYGMDVW			199350
			T											IGH								ARVFRGSQYWFDPW			199351
			T	IGHV3-53		IGHJ4								IGH	EVQLVESGGGLIQPGGSLRLSCAASGFTVSSNYMSWVRQAPGKGLEWVSVIYSGGSTFYADSVKGRFTISRDNSKNTLYLQMNSLRAEDTAVYYCARDLGTGLFDYWGQGTLVTVSS	SNYMS			VIYSGGSTFYADSVKG			DLGTGLFDY			201196
			T	IGHV3-53		IGHJ4								IGH	EVQLVESGGGLIQPGGSLRLSCAASGFTVSSNYMSWVRQAPGKGLEWVSVIYSGGSTFYADSVKGRFTISRDNSKNTLYLQMNSLRAEDTAVYYCARDWGDYYFDYWGQGTLVTVSS	SNYMS			VIYSGGSTFYADSVKG			DWGDYYFDY			201197
			T	IGHV4-39										IGH	QLQLQESGPGLVKPSETLSLTCTVSGGSISSTTYYWGWIRQPPGKGLEWIASIYYSGSTYYNPSLKSRLTVSVDTSKNQFSLKLSSVTAADTAVYYCARQWKWFGEAWYFDLWGRGTLVTVSS							ARQWKWFGEAWYFDL			202256
			T	IGHV1-69										IGH	QVQLVQSGAEVKKPGSSVKVSCKASGGTFSSYAINWVRQAPGQGLEWMGGIIPIFGTANYAQKFQGRVTFTADESTSTAYMEVSSLRSEDTAVYYCARSCGDCYSADLDFWGQGTLVTVSS							ARSCGDCYSADLDF			202257
			T	IGHV1-24	IGHD3-10	IGHJ4								IGH								ATAAAVRGRGTIDY			202349
			T	IGHV3-53*01	IGHD3-3*01	IGHJ4*02								IGH								AREGDVEGYYDFWSGYSRDRYYFDY			202768
			T	IGHV3-66*01	IGHD4-23*01	IGHJ3*02								IGH								ARDSSEVRDHPGHPGRSVGVAFDI			202769
			T	IGHV3-66*01	IGHD4-23*01	IGHJ3*02								IGH								ARDSSEVRDHPGHPGRSVGVAFDI			202769
			T	IGHV4-4*02	IGHD5-18*01	IGHJ4*02								IGH								AKGGDRAMGPEYFDS			202770
			T	IGHV3-53*04	IGHD1-26*01	IGHJ4*01								IGH								ARDLSELGIDY			204430
			T	IGHV3-53*01	IGHD2-15*01	IGHJ4*01								IGH								ARDRGGYCDY			204431
			T	IGHV3-53*01	IGHD2-15*01	IGHJ4*01								IGH								ARDRGGYCDY			204431
			T	IGHV3-53*01	IGHD2-15*01	IGHJ4*01								IGH								ARDRGGYCDY			204431
			T	IGHV3-53*01	IGHD2-15*01	IGHJ4*01								IGH								ARDRGGYCDY			204431
			T	IGHV3-53*01	IGHD2-15*01	IGHJ4*01								IGH								ARDRGGYCDY			204431
			T	IGHV4-59*01	IGHD3-22*01	IGHJ3*02								IGH								ARDLGYDSSGPDAFDI			204432
			T	IGHV3-20*01	IGHD3-22*01	IGHJ3*02								IGH								AREGYYDSSEAFDI			204433
			T	IGHV3-20*01	IGHD3-22*01	IGHJ3*02								IGH								AREGYYDSSEAFDI			204433
			T	IGHV3-66*01	IGHD3-10*01	IGHJ4*01								IGH								ARTFGELYIDY			204434
			T	IGHV4-61*01	IGHD2-2*01	IGHJ6*04								IGH								AREPLVVPAALPPYGMDV			204435
			T	IGHV3-53*01	IGHD3-3*01	IGHJ3*02								IGH								ARGQVITILHTAAFDI			204436
			T	IGHV3-53*01		IGHJ6*04								IGH								ARESYGMDV			204437
			T	IGHV3-53*01	IGHD4-17*01	IGHJ4*01								IGH								ARTYGDYYFDY			204438
			T	IGHV3-53*01	IGHD4-17*01	IGHJ4*01								IGH								ARTYGDYYFDY			204438
			T	IGHV5-10-1*01	IGHD6-19*01	IGHJ5*02								IGH								ASSEVGYSSLREFDP			204439
			T	IGHV3-53*01	IGHD3-16*01	IGHJ6*04								IGH								ARDLGESGMDV			204440
			T	IGHV1-46*01	IGHD3-16*01	IGHJ6*04								IGH								ASWGGNIPLYYYYGMDV			204441
			T	IGHV4-39*01	IGHD3-22*01	IGHJ1*01								IGH								ARMLGMIDV			204442
			T	IGHV4-31*03	IGHD3-10*01	IGHJ6*04								IGH								ARDRVTMVRGVDHYYYYGMDV			204443
			T	IGHV3-66*01	IGHD3-16*01	IGHJ4*01								IGH								ARDWGEYYFDY			204444
			T	IGHV3-53*01	IGHD2	IGHJ6*04								IGH								ARDLGPYGMDV			204445
			T	IGHV3-9*01	IGHD3-3*01	IGHJ6*03								IGH								AKFPRSNYDFWSGEDNYYYYMDV			204446
			T	IGHV1-18*01	IGHD1-26*01	IGHJ4*03								IGH								ARDWELLGRFDY			204447
			T											IGH	QVTLRESGPTLVKPKQTLTLTCTFSGFSLSTPGGGVGWIRQPPGKALEWLALIYWDDDKRYSPSLKSSLTITKDTSKNQVVLTMTNMDPVDTATYYCARLTAADTIFDCWGQGTLVTVSSASTKGPSVFPLAPSSKSTSGGTAALGCLVKDYFPEPVTVSWNSGALTSGVHTFPAVLQSSGLYSLSSVVTVPSSSLGTQTYICNVNHKPSNTKVDKRVEPKSCDKTHHHHHH										204643
			T																			QSYDGSNHNVV			199349
			T																			QSYDSSNHVV			199350
			T																			QQYGSSPPT			199351
			T	IGKV1-9										IGK	DIQLTQSPSFLSASVGDRVTITCRASQGISSYLAWYQQKPGKAPKLLIYAASTLQSGVPSRFSGSGSGTEFTLTISSLQPEDFATYYCQQLDSYPPGTFGPGTKVDIKRTVAAPSVFIFPPSDEQLKSGTASVVCLLNNFYPREAKVQWKVDNALQSGNSQESVTEQDSKDSTYSLSSTLTLSKADYEKHKVYACEVTHQGLSSPVTKSFNRGECS							QQLDSYPPGT			201196
			T	IGKV3-20										IGK	EIVLTQSPGTLSLSPGERATLSCRASQSVSSSYLAWYQQKPGQAPRLLIYGASSRATGIPDRFSGSGSGTDFTLTISRLEPEDFAVYYCQQYGSSPRTFGQGTKVEIKRTVAAPSVFIFPPSDEQLKSGTASVVCLLNNFYPREAKVQWKVDNALQSGNSQESVTEQDSKDSTYSLSSTLTLSKADYEKHKVYACEVTHQGLSSPVTKSFNRGECS							QQYGSSPRT			201197
	GAAATTGTGTTGACGCAGTCTCCAGGCACCCTGTCTTTGTCTCCAGGGGAAAGAGCCAGCCTCTCCTGCAGGGCCAGTCAGAGTGTTAGCAGCAGCTACTTAGCCTGGTACCAGCAGAAACCTGGCCAGGCTCCCAGGCTCCTCATCTATGGTGCATCCAGCAGGGCCACTGGCATCCCAGACAGGTTCAGTGGCAGTGGGTCTGGGACAGACTTCACTCTCACCATCAGCAGACTGGAGCCTGAAGATTTTGCAGTGTATTACTGTCAGCAGTATGGTAGCTCACCTTTCACTTTCGGCGGAGGGACCAAGGTGGAGATCAAA		T	IGKV3-20										IGK	EIVLTQSPGTLSLSPGERASLSCRASQSVSSSYLAWYQQKPGQAPRLLIYGASSRATGIPDRFSGSGSGTDFTLTISRLEPEDFAVYYCQQYGSSPFTFGGGTKVEIK							QQYGSSPFT			202256
	GAAATTGTGTTGACACAGTCTCCAGCCACCCTGTCCTTGTCTCCAGGGGAAAGAGCCACCCTCTCCTGCAGGGCCAGTCAGAGTATTAGCAGCTTCTTAGCCTGGTACCAACAAAAACCTGGCCAGGCTCCCAGGCTCCTCATCTATGATGCATCCAACAGGGCCACTGGCATCCCAGCCAGATTCAGTGGCAGTGGGTCTGGGACAGACTTCACTCTCACCATCAGCAGCCTAGAGCCTGAAGATTTTGCAGTTTATTACTGTCAGCGGCGTAGCAACTGGCCTCCTTTCACTTTCGGCCCTGGGACCAAAGTGGATATCAAA		T	IGKV3-11										IGK	EIVLTQSPATLSLSPGERATLSCRASQSISSFLAWYQQKPGQAPRLLIYDASNRATGIPARFSGSGSGTDFTLTISSLEPEDFAVYYCQRRSNWPPFTFGPGTKVDIK							QRRSNWPPFT			202257
			T	IGLV2-14*01		IGLJ1*01								IGL								NSYTSNNTRV			202768
			T	IGLV2-23*01		IGLJ3*02								IGL								CSYAGSHTFV			202769
			T	IGLV2-23*01		IGLJ3*02								IGL								CSYAGSHTFV			202769
			T	IGLV2-14*01		IGLJ3*02								IGL								SSFASSSTLL			202770
			T	IGKV1-9*01		IGKJ2*01								IGK								QQLNSYLYT			204430
			T	IGKV1D-12*01		IGKJ2*01								IGK								QQTNSFPGYT			204431
			T	IGKV1D-12*01		IGKJ2*01								IGK								QQTNSFPGYT			204431
			T	IGKV1D-12*01		IGKJ2*01								IGK								QQTNSFPGYT			204431
			T	IGKV1D-12*01		IGKJ2*01								IGK								QQTNSFPGYT			204431
			T	IGKV1D-12*01		IGKJ2*01								IGK								QQTNSFPGYT			204431
			T	IGKV3-11*01		IGKJ1*01								IGK								QQRSGWPGT			204432
			T	IGLV2-11*01		IGLJ3*02								IGL								CSYAGGYNWV			204433
			T	IGLV2-11*01		IGLJ3*02								IGL								CSYAGGYNWV			204433
			T	IGKV1-9*01		IGKJ3*01								IGK								QHLRG			204434
			T	IGKV3-11*01		IGKJ4*01								IGK								QQRSNWPPVT			204435
			T	IGLV2-8*01		IGLJ3*02								IGL								SSYAGSNNWV			204436
			T	IGKV3-20*01		IGKJ2*01								IGK								QQYGSLYT			204437
			T	IGKV1-27*01		IGKJ3*01								IGK								QKDYSAPPGFT			204438
			T	IGKV1-27*01		IGKJ3*01								IGK								QKDYSAPPGFT			204438
			T	IGLV2-23*03		IGLJ1*01								IGL								CSYAGTSTFESYV			204439
			T	IGKV1-12*01		IGKJ4*01								IGK								QQANSFPL			204440
			T	IGLV2-8*01		IGLJ3*02								IGL								TSYAGSNIWV			204441
			T	IGKV1-NL1*01		IGKJ4*01								IGK								QQYYSTPPLT			204442
			T	IGLV2-8*01		IGLJ2*01								IGL								SSFAGSNVV			204443
			T	IGKV3-20*01		IGKJ1*01								IGK								QQYGSSPRT			204444
			T	IGKV1-9*01		IGKJ2*01								IGK								QQLNSYPT			204445
			T	IGLV2-11*01		IGLJ2*01								IGL								FSYAGSWGAV			204446
			T	IGLV2-23*01		IGLJ3*02								IGL								CSYAGSSTWV			204447
			T												QSALTQPASVSGSPGLSITISCTATSSDVGAYNYVSWYQQHPGQAPKLMIYDVSKRPSGVSNRFSGSKSANTASLTISGLQAEDEADYYCSSYTTTSVVFGGGTKLTVLGQPKAAPSVTLFPPSSEELQANKATLVCLISDFYPGAVTVAWKADSSPVKAGVETTTPSKQSNNKYAASSYLSLTPEQWKSHRSYSCQVTHEGSTVEKTVAPTECS										204643
