Group Receptor ID,Receptor ID,Reference ID,Epitope ID,Description,Antigen,Organism,Response Type,Assay IDs,MHC Allele Names,Reference Name,Synonyms,Receptor Type,Chain 1 Type,Chain 1 Species,Chain 1 Nucleotide,Curated Chain 1 V Gene,Calculated Chain 1 V Gene,Curated Chain 1 D Gene,Calculated Chain 1 D Gene,Curated Chain 1 J Gene,Calculated Chain 1 J Gene,Chain 1 Full Sequence,Chain 1 Accession,Chain 1 CDR3 Curated,Chain 1 CDR3 Calculated,Chain 1 CDR3 Start Curated,Chain 1 CDR3 End Curated,Chain 1 CDR3 Start Calculated,Chain 1 CDR3 End Calculated,Chain 1 CDR1 Curated,Chain 1 CDR1 Calculated,Chain 1 CDR1 Start Curated,Chain 1 CDR1 End Curated,Chain 1 CDR1 Start Calculated,Chain 1 CDR1 End Calculated,Chain 1 CDR2 Curated,Chain 1 CDR2 Calculated,Chain 1 CDR2 Start Curated,Chain 1 CDR2 End Curated,Chain 1 CDR2 Start Calculated,Chain 1 CDR2 End Calculated,Chain 2 Type,Chain 2 Species,Chain 2 Nucleotide,Curated Chain 2 V Gene,Calculated Chain 2 V Gene,Curated Chain 2 D Gene,Calculated Chain 2 D Gene,Curated Chain 2 J Gene,Calculated Chain 2 J Gene,Chain 2 Full Sequence,Chain 2 Accession,Chain 2 CDR3 Curated,Chain 2 CDR3 Calculated,Chain 2 CDR3 Start Curated,Chain 2 CDR3 End Curated,Chain 2 CDR3 Start Calculated,Chain 2 CDR3 End Calculated,Chain 2 CDR1 Curated,Chain 2 CDR1 Calculated,Chain 2 CDR1 Start Curated,Chain 2 CDR1 End Curated,Chain 2 CDR1 Start Calculated,Chain 2 CDR1 End Calculated,Chain 2 CDR2 Curated,Chain 2 CDR2 Calculated,Chain 2 CDR2 Start Curated,Chain 2 CDR2 End Curated,Chain 2 CDR2 Start Calculated,Chain 2 CDR2 End Calculated
"8670","9437","1031507","20354","GILGFVFTL","Matrix protein 1","Influenza A virus","T cell","3198287","HLA-A*02:01","","","alphabeta","","","","","","","","","","","","","","","","","","","","","","","","","","","","","","beta","9606","","TCRBV19","TRBV19","","","TCRBJ2-7","TRBJ2-7","","","ASSIRSSYEQY","","","","","","","","","","","","","","","","",""
"8670","9437","1036438","121572","LLWNGPMAV","non-structural protein NS4b","Yellow fever virus (Flavivirus febricis)","T cell","6550794","HLA-A*02:01","TRB clonotype 166","","alphabeta","","","","","","","","","","","","","","","","","","","","","","","","","","","","","","beta","9606","","TRBV19","","","","TRBJ2-7","","","","CASSIRSSYEQYF","ASSIRSSYEQY","","","","","","","","","","","","","","","",""
"8670","9437","1036945","1074888","FLPFFSNVTWFHAI","surface glycoprotein [Severe acute respiratory syndrome coronavirus 2]","SARS-CoV2","T cell","8160633, 8160634","HLA class I","","","alphabeta","","","","","","","","","","","","","","","","","","","","","","","","","","","","","","beta","9606","","TRBV19","","","","TRBJ2-7","","","","CASSIRSSYEQYF","ASSIRSSYEQY","","","","","","","","","","","","","","","",""
"8670","9437","1036945","1075129","YYRARAGEAANF","non-structural polyprotein 1ab [Bat SARS-like coronavirus]","SARS-CoV1","T cell","8161189","HLA class I","","","alphabeta","","","","","","","","","","","","","","","","","","","","","","","","","","","","","","beta","9606","","TRBV19","","","","TRBJ2-7","","","","CASSIRSSYEQYF","ASSIRSSYEQY","","","","","","","","","","","","","","","",""
"8670","9437","1036945","1075108","VQPTESIVRFPNITNLCPF","surface glycoprotein [Severe acute respiratory syndrome coronavirus 2]","SARS-CoV2","T cell","8161120","HLA class I","","","alphabeta","","","","","","","","","","","","","","","","","","","","","","","","","","","","","","beta","9606","","TRBV19","","","","TRBJ2-7","","","","CASSIRSSYEQYF","ASSIRSSYEQY","","","","","","","","","","","","","","","",""
"8681","9448","1031507","20354","GILGFVFTL","Matrix protein 1","Influenza A virus","T cell","3198287","HLA-A*02:01","","","alphabeta","","","","","","","","","","","","","","","","","","","","","","","","","","","","","","beta","9606","","TCRBV19","TRBV19","","","TCRBJ2-7","TRBJ2-7","","","ASSIRSAYEQY","","","","","","","","","","","","","","","","",""
"8681","9448","1036945","1074888","FLPFFSNVTWFHAI","surface glycoprotein [Severe acute respiratory syndrome coronavirus 2]","SARS-CoV2","T cell","8160633, 8160634","HLA class I","","","alphabeta","","","","","","","","","","","","","","","","","","","","","","","","","","","","","","beta","9606","","TRBV19","","","","TRBJ2-7","","","","CASSIRSAYEQYF","ASSIRSAYEQY","","","","","","","","","","","","","","","",""
"8681","9448","1036945","18133","FVDGVPFVV","Replicase polyprotein 1ab","SARS-CoV2","T cell","8160668","HLA class I","","","alphabeta","","","","","","","","","","","","","","","","","","","","","","","","","","","","","","beta","9606","","TRBV19","","","","TRBJ2-7","","","","CASSIRSAYEQYF","ASSIRSAYEQY","","","","","","","","","","","","","","","",""
"8684","9451","1031507","20354","GILGFVFTL","Matrix protein 1","Influenza A virus","T cell","3198287","HLA-A*02:01","","","alphabeta","","","","","","","","","","","","","","","","","","","","","","","","","","","","","","beta","9606","","TCRBV19","TRBV19","","","TCRBJ2-7","TRBJ2-7","","","ASSSRSSYEQY","","","","","","","","","","","","","","","","",""
"8684","9451","1036945","1074888","FLPFFSNVTWFHAI","surface glycoprotein [Severe acute respiratory syndrome coronavirus 2]","SARS-CoV2","T cell","8160633, 8160634","HLA class I","","","alphabeta","","","","","","","","","","","","","","","","","","","","","","","","","","","","","","beta","9606","","TRBV19","","","","TRBJ2-7","","","","CASSSRSSYEQYF","ASSSRSSYEQY","","","","","","","","","","","","","","","",""
"8686","9453","1031507","20354","GILGFVFTL","Matrix protein 1","Influenza A virus","T cell","3198287","HLA-A*02:01","","","alphabeta","","","","","","","","","","","","","","","","","","","","","","","","","","","","","","beta","9606","","TCRBV19","TRBV19","","","TCRBJ2-7","TRBJ2-7","","","ASSVRSSYEQY","","","","","","","","","","","","","","","","",""
"8686","9453","1036945","1074888","FLPFFSNVTWFHAI","surface glycoprotein [Severe acute respiratory syndrome coronavirus 2]","SARS-CoV2","T cell","8160633, 8160634","HLA class I","","","alphabeta","","","","","","","","","","","","","","","","","","","","","","","","","","","","","","beta","9606","","TRBV19","","","","TRBJ2-7","","","","CASSVRSSYEQYF","ASSVRSSYEQY","","","","","","","","","","","","","","","",""
"9314","10084","1031507","44920","NLVPMVATV","pp65","Human herpesvirus 5 (Human cytomegalovirus)","T cell","3198288","HLA-A*02:01","","","alphabeta","","","","","","","","","","","","","","","","","","","","","","","","","","","","","","beta","9606","","TCRBV5-1","TRBV5-1","","","TCRBJ2-7","TRBJ2-7","","","ASSLAGGYEQY","","","","","","","","","","","","","","","","",""
"9314","10084","1036945","1074912","GNYTVSCLPFTI","ORF8 protein [Severe acute respiratory syndrome coronavirus 2]","SARS-CoV2","T cell","8160693","HLA class I","","","alphabeta","","","","","","","","","","","","","","","","","","","","","","","","","","","","","","beta","9606","","TRBV5-1","","","","TRBJ2-7","","","","CASSLAGGYEQYF","ASSLAGGYEQY","","","","","","","","","","","","","","","",""
"9314","10084","1036945","1074988","LSPRWYFYYL","Nucleoprotein","SARS-CoV2","T cell","8160866, 8160868","HLA class I","","","alphabeta","","","","","","","","","","","","","","","","","","","","","","","","","","","","","","beta","9606","","TRBV5-1","","","","TRBJ2-7","","","","CASSLAGGYEQYF","ASSLAGGYEQY","","","","","","","","","","","","","","","",""
"9337","10107","1031507","44920","NLVPMVATV","pp65","Human herpesvirus 5 (Human cytomegalovirus)","T cell","3198288","HLA-A*02:01","","","alphabeta","","","","","","","","","","","","","","","","","","","","","","","","","","","","","","beta","9606","","TCRBV29-1","TRBV29-1","","","TCRBJ1-1","TRBJ1-1","","","SVERDTEAF","","","","","","","","","","","","","","","","",""
"9337","10107","1036945","1074996","MGYINVFAFPFTIYSL","ORF10 protein [Severe acute respiratory syndrome coronavirus 2]","SARS-CoV2","T cell","8160881","HLA class I","","","alphabeta","","","","","","","","","","","","","","","","","","","","","","","","","","","","","","beta","9606","","TRBV29-1","","","","TRBJ1-1","","","","CSVERDTEAFF","SVERDTEAF","","","","","","","","","","","","","","","",""
"9563","10334","1031507","44920","NLVPMVATV","pp65","Human herpesvirus 5 (Human cytomegalovirus)","T cell","3198288","HLA-A*02:01","","","alphabeta","","","","","","","","","","","","","","","","","","","","","","","","","","","","","","beta","9606","","TCRBV15","TRBV15","","","TCRBJ2-7","TRBJ2-7","","","ATSRDPGSYEQY","","","","","","","","","","","","","","","","",""
"9563","10334","1036945","1074918","GYQPYRVVVLSF","spike glycoprotein precursor","SARS-CoV1","T cell","8160712","HLA class I","","","alphabeta","","","","","","","","","","","","","","","","","","","","","","","","","","","","","","beta","9606","","TRBV15","","","","TRBJ2-7","","","","CATSRDPGSYEQYF","ATSRDPGSYEQY","","","","","","","","","","","","","","","",""
"9702","10473","1031507","44920","NLVPMVATV","pp65","Human herpesvirus 5 (Human cytomegalovirus)","T cell","3198288","HLA-A*02:01","","","alphabeta","","","","","","","","","","","","","","","","","","","","","","","","","","","","","","beta","9606","","TCRBV24-1","TRBV24-1","","","TCRBJ2-2","TRBJ2-2","","","ATSAGNTGELF","","","","","","","","","","","","","","","","",""
