Group Receptor ID,Receptor ID,Reference ID,Epitope ID,Description,Antigen,Organism,Response Type,Assay IDs,Reference Name,Synonyms,Receptor Type,Chain 1 Type,Chain 1 Species,Chain 1 Nucleotide,Curated Chain 1 V Gene,Calculated Chain 1 V Gene,Curated Chain 1 D Gene,Calculated Chain 1 D Gene,Curated Chain 1 J Gene,Calculated Chain 1 J Gene,Chain 1 Full Sequence,Chain 1 Accession,Chain 1 CDR3 Curated,Chain 1 CDR3 Calculated,Chain 1 CDR3 Start Curated,Chain 1 CDR3 End Curated,Chain 1 CDR3 Start Calculated,Chain 1 CDR3 End Calculated,Chain 1 CDR1 Curated,Chain 1 CDR1 Calculated,Chain 1 CDR1 Start Curated,Chain 1 CDR1 End Curated,Chain 1 CDR1 Start Calculated,Chain 1 CDR1 End Calculated,Chain 1 CDR2 Curated,Chain 1 CDR2 Calculated,Chain 1 CDR2 Start Curated,Chain 1 CDR2 End Curated,Chain 1 CDR2 Start Calculated,Chain 1 CDR2 End Calculated,Chain 2 Type,Chain 2 Species,Chain 2 Nucleotide,Curated Chain 2 V Gene,Calculated Chain 2 V Gene,Curated Chain 2 D Gene,Calculated Chain 2 D Gene,Curated Chain 2 J Gene,Calculated Chain 2 J Gene,Chain 2 Full Sequence,Chain 2 Accession,Chain 2 CDR3 Curated,Chain 2 CDR3 Calculated,Chain 2 CDR3 Start Curated,Chain 2 CDR3 End Curated,Chain 2 CDR3 Start Calculated,Chain 2 CDR3 End Calculated,Chain 2 CDR1 Curated,Chain 2 CDR1 Calculated,Chain 2 CDR1 Start Curated,Chain 2 CDR1 End Curated,Chain 2 CDR1 Start Calculated,Chain 2 CDR1 End Calculated,Chain 2 CDR2 Curated,Chain 2 CDR2 Calculated,Chain 2 CDR2 Start Curated,Chain 2 CDR2 End Curated,Chain 2 CDR2 Start Calculated,Chain 2 CDR2 End Calculated
"179535","199349","1037104","1125015","A372, F374, C379","surface glycoprotein [Severe acute respiratory syndrome coronavirus 2]","SARS-CoV2","B cell","8269208, 8269209, 8269210, 8269213, 8269215, 8269216","553-15","","heavylight","heavy","9606","","","","","","","","","","ARVWYYYGPRDYW","","","","","","","","","","","","","","","","","","light","9606","","","","","","","","","","QSYDGSNHNVV","","","","","","","","","","","","","","","","",""
"179536","199350","1037104","1125016","F374, S375, T376, F377, C379, F392, D427, E516","surface glycoprotein [Severe acute respiratory syndrome coronavirus 2]","SARS-CoV2","B cell","8269217, 8269218, 8269219, 8269221, 8269223","553-49","","heavylight","heavy","9606","","","","","","","","","","AKDSSSWYNYYGMDVW","","","","","","","","","","","","","","","","","","light","9606","","","","","","","","","","QSYDSSNHVV","","","","","","","","","","","","","","","","",""
"179537","199351","1037104","1125016","F374, S375, T376, F377, C379, F392, D427, E516","surface glycoprotein [Severe acute respiratory syndrome coronavirus 2]","SARS-CoV2","B cell","8269218, 8269219, 8269221, 8269222, 8269223","553-60","","heavylight","heavy","9606","","","","","","","","","","ARVFRGSQYWFDPW","","","","","","","","","","","","","","","","","","light","9606","","","","","","","","","","QQYGSSPPT","","","","","","","","","","","","","","","","",""
"181182","201196","1038141","1338780","K417","surface glycoprotein [Severe acute respiratory syndrome coronavirus 2]","SARS-CoV2","B cell","12588834","COV107-23","","heavylight","heavy","9606","","IGHV3-53","IGHV3-53*01","","","IGHJ4","IGHJ4*02","EVQLVESGGGLIQPGGSLRLSCAASGFTVSSNYMSWVRQAPGKGLEWVSVIYSGGSTFYADSVKGRFTISRDNSKNTLYLQMNSLRAEDTAVYYCARDLGTGLFDYWGQGTLVTVSS","7LKA_H","DLGTGLFDY","ARDLGTGLFDY","","","96","106","SNYMS","GFTVSSNY","","","26","33","VIYSGGSTFYADSVKG","IYSGGST","","","51","57","light","9606","","IGKV1-9","IGKV1-9*01","","","","IGKJ3*01","DIQLTQSPSFLSASVGDRVTITCRASQGISSYLAWYQQKPGKAPKLLIYAASTLQSGVPSRFSGSGSGTEFTLTISSLQPEDFATYYCQQLDSYPPGTFGPGTKVDIKRTVAAPSVFIFPPSDEQLKSGTASVVCLLNNFYPREAKVQWKVDNALQSGNSQESVTEQDSKDSTYSLSSTLTLSKADYEKHKVYACEVTHQGLSSPVTKSFNRGECS","7LKA_L","QQLDSYPPGT","QQLDSYPPGT","","","89","98","","QGISSY","","","27","32","","AAS","","","50","52"
"181183","201197","1038141","1338780","K417","surface glycoprotein [Severe acute respiratory syndrome coronavirus 2]","SARS-CoV2","B cell","12588839","COVD21-C8","","heavylight","heavy","9606","","IGHV3-53","IGHV3-53*01","","","IGHJ4","IGHJ4*02","EVQLVESGGGLIQPGGSLRLSCAASGFTVSSNYMSWVRQAPGKGLEWVSVIYSGGSTFYADSVKGRFTISRDNSKNTLYLQMNSLRAEDTAVYYCARDWGDYYFDYWGQGTLVTVSS","QRN76995.1","DWGDYYFDY","ARDWGDYYFDY","","","96","106","SNYMS","GFTVSSNY","","","26","33","VIYSGGSTFYADSVKG","IYSGGST","","","51","57","light","9606","","IGKV3-20","IGKV3-20*01","","","","IGKJ1*01","EIVLTQSPGTLSLSPGERATLSCRASQSVSSSYLAWYQQKPGQAPRLLIYGASSRATGIPDRFSGSGSGTDFTLTISRLEPEDFAVYYCQQYGSSPRTFGQGTKVEIKRTVAAPSVFIFPPSDEQLKSGTASVVCLLNNFYPREAKVQWKVDNALQSGNSQESVTEQDSKDSTYSLSSTLTLSKADYEKHKVYACEVTHQGLSSPVTKSFNRGECS","7LK9_L","QQYGSSPRT","QQYGSSPRT","","","90","98","","QSVSSSY","","","27","33","","GAS","","","51","53"
"182360","202256","1038080","1334512","A123, G142, Y144, F157, R158, N164","surface glycoprotein [Severe acute respiratory syndrome coronavirus 2]","Severe acute respiratory syndrome coronavirus 2 Wuhan/Hu-1/2019","B cell","12564805, 12564807, 12577391, 12951429, 12951431, 12951433, 12951437","COV2-2489","","heavylight","heavy","9606","","IGHV4-39","IGHV4-39*07","","","","IGHJ2*01","QLQLQESGPGLVKPSETLSLTCTVSGGSISSTTYYWGWIRQPPGKGLEWIASIYYSGSTYYNPSLKSRLTVSVDTSKNQFSLKLSSVTAADTAVYYCARQWKWFGEAWYFDLWGRGTLVTVSS","QKY76326.1","ARQWKWFGEAWYFDL","ARQWKWFGEAWYFDL","","","98","112","","GGSISSTTYY","","","26","35","","IYYSGST","","","53","59","light","9606","GAAATTGTGTTGACGCAGTCTCCAGGCACCCTGTCTTTGTCTCCAGGGGAAAGAGCCAGCCTCTCCTGCAGGGCCAGTCAGAGTGTTAGCAGCAGCTACTTAGCCTGGTACCAGCAGAAACCTGGCCAGGCTCCCAGGCTCCTCATCTATGGTGCATCCAGCAGGGCCACTGGCATCCCAGACAGGTTCAGTGGCAGTGGGTCTGGGACAGACTTCACTCTCACCATCAGCAGACTGGAGCCTGAAGATTTTGCAGTGTATTACTGTCAGCAGTATGGTAGCTCACCTTTCACTTTCGGCGGAGGGACCAAGGTGGAGATCAAA","IGKV3-20","IGKV3-20*01","","","","IGKJ4*01","EIVLTQSPGTLSLSPGERASLSCRASQSVSSSYLAWYQQKPGQAPRLLIYGASSRATGIPDRFSGSGSGTDFTLTISRLEPEDFAVYYCQQYGSSPFTFGGGTKVEIK","","QQYGSSPFT","QQYGSSPFT","","","90","98","","QSVSSSY","","","27","33","","GAS","","","51","53"
"182361","202257","1038080","1334513","F140, Y144","surface glycoprotein [Severe acute respiratory syndrome coronavirus 2]","Severe acute respiratory syndrome coronavirus 2 Wuhan/Hu-1/2019","B cell","12564803, 12564806, 12577389, 12951428, 12951430, 12951432, 12951436","COV2-2676","","heavylight","heavy","9606","","IGHV1-69","IGHV1-69D*01","","","","IGHJ4*02","QVQLVQSGAEVKKPGSSVKVSCKASGGTFSSYAINWVRQAPGQGLEWMGGIIPIFGTANYAQKFQGRVTFTADESTSTAYMEVSSLRSEDTAVYYCARSCGDCYSADLDFWGQGTLVTVSS","QKY76325.1","ARSCGDCYSADLDF","ARSCGDCYSADLDF","","","97","110","","GGTFSSYA","","","26","33","","IIPIFGTA","","","51","58","light","9606","GAAATTGTGTTGACACAGTCTCCAGCCACCCTGTCCTTGTCTCCAGGGGAAAGAGCCACCCTCTCCTGCAGGGCCAGTCAGAGTATTAGCAGCTTCTTAGCCTGGTACCAACAAAAACCTGGCCAGGCTCCCAGGCTCCTCATCTATGATGCATCCAACAGGGCCACTGGCATCCCAGCCAGATTCAGTGGCAGTGGGTCTGGGACAGACTTCACTCTCACCATCAGCAGCCTAGAGCCTGAAGATTTTGCAGTTTATTACTGTCAGCGGCGTAGCAACTGGCCTCCTTTCACTTTCGGCCCTGGGACCAAAGTGGATATCAAA","IGKV3-11","IGKV3-11*01","","","","IGKJ3*01","EIVLTQSPATLSLSPGERATLSCRASQSISSFLAWYQQKPGQAPRLLIYDASNRATGIPARFSGSGSGTDFTLTISSLEPEDFAVYYCQRRSNWPPFTFGPGTKVDIK","","QRRSNWPPFT","QRRSNWPPFT","","","89","98","","QSISSF","","","27","32","","DAS","","","50","52"
"182462","202349","1038697","1391794","Y145, K147, W152, Y248","surface glycoprotein [Severe acute respiratory syndrome coronavirus 2]","SARS-CoV2","B cell","13826028, 13826029, 13826030, 13826032","CM17","","heavylight","heavy","9606","","IGHV1-24","","IGHD3-10","","IGHJ4","","","","ATAAAVRGRGTIDY","","","","","","","","","","","","","","","","","","","","","","","","","","","","","","","","","","","","","","","","","","","","","",""
"182851","202768","1039290","1336251","E484","surface glycoprotein [Severe acute respiratory syndrome coronavirus 2]","SARS-CoV2","B cell","16072572, 16072573, 16072574","C052","","heavylight","heavy","9606","","IGHV3-53*01","","IGHD3-3*01","","IGHJ4*02","","","","AREGDVEGYYDFWSGYSRDRYYFDY","","","","","","","","","","","","","","","","","","light","9606","","IGLV2-14*01","","","","IGLJ1*01","","","","NSYTSNNTRV","","","","","","","","","","","","","","","","",""
"182852","202769","1039290","1597630","G485, F486","surface glycoprotein [Severe acute respiratory syndrome coronavirus 2]","SARS-CoV2","B cell","16072578, 16072579, 16072580","C055","","heavylight","heavy","9606","","IGHV3-66*01","","IGHD4-23*01","","IGHJ3*02","","","","ARDSSEVRDHPGHPGRSVGVAFDI","","","","","","","","","","","","","","","","","","light","9606","","IGLV2-23*01","","","","IGLJ3*02","","","","CSYAGSHTFV","","","","","","","","","","","","","","","","",""
"182852","202769","1039290","1597631","R346, K444, G446","surface glycoprotein [Severe acute respiratory syndrome coronavirus 2]","SARS-CoV2","B cell","16072586","C055","","heavylight","heavy","9606","","IGHV3-66*01","","IGHD4-23*01","","IGHJ3*02","","","","ARDSSEVRDHPGHPGRSVGVAFDI","","","","","","","","","","","","","","","","","","light","9606","","IGLV2-23*01","","","","IGLJ3*02","","","","CSYAGSHTFV","","","","","","","","","","","","","","","","",""
"182853","202770","1039290","1597631","R346, K444, G446","surface glycoprotein [Severe acute respiratory syndrome coronavirus 2]","SARS-CoV2","B cell","16072585","C512","","heavylight","heavy","9606","","IGHV4-4*02","","IGHD5-18*01","","IGHJ4*02","","","","AKGGDRAMGPEYFDS","","","","","","","","","","","","","","","","","","light","9606","","IGLV2-14*01","","","","IGLJ3*02","","","","SSFASSSTLL","","","","","","","","","","","","","","","","",""
"184533","204430","1039638","1642859","K417, F456, N460, A475, N487","surface glycoprotein [Severe acute respiratory syndrome coronavirus 2]","SARS-CoV2","B cell","16748893, 16748948, 16748949, 16748974","24-11K","","heavylight","heavy","9606","","IGHV3-53*04","","IGHD1-26*01","","IGHJ4*01","","","","ARDLSELGIDY","","","","","","","","","","","","","","","","","","light","9606","","IGKV1-9*01","","","","IGKJ2*01","","","","QQLNSYLYT","","","","","","","","","","","","","","","","",""
"184534","204431","1039638","1392570","S477","surface glycoprotein [Severe acute respiratory syndrome coronavirus 2]","SARS-CoV2","B cell","16748934, 16748938, 16748964, 16748965","25-C8","","heavylight","heavy","9606","","IGHV3-53*01","","IGHD2-15*01","","IGHJ4*01","","","","ARDRGGYCDY","","","","","","","","","","","","","","","","","","light","9606","","IGKV1D-12*01","","","","IGKJ2*01","","","","QQTNSFPGYT","","","","","","","","","","","","","","","","",""
"184534","204431","1039638","1642860","K417, F456, N487","surface glycoprotein [Severe acute respiratory syndrome coronavirus 2]","SARS-CoV2","B cell","16748933, 16748937, 16748950, 16748951","25-C8","","heavylight","heavy","9606","","IGHV3-53*01","","IGHD2-15*01","","IGHJ4*01","","","","ARDRGGYCDY","","","","","","","","","","","","","","","","","","light","9606","","IGKV1D-12*01","","","","IGKJ2*01","","","","QQTNSFPGYT","","","","","","","","","","","","","","","","",""
"184534","204431","1039638","1336265","R403, D405, E406, R408, Q409, T415, G416, K417, D420, Y421, L455, F456, R457, K458, N460, Y473, Q474, A475, G476, S477, F486, N487, Y489, Q493, Y495, G502, Y505","surface glycoprotein [Severe acute respiratory syndrome coronavirus 2]","SARS-CoV2","B cell","16748914, 16748942, 16748970, 16748971","25-C8","","heavylight","heavy","9606","","IGHV3-53*01","","IGHD2-15*01","","IGHJ4*01","","","","ARDRGGYCDY","","","","","","","","","","","","","","","","","","light","9606","","IGKV1D-12*01","","","","IGKJ2*01","","","","QQTNSFPGYT","","","","","","","","","","","","","","","","",""
"184534","204431","1039638","1642859","K417, F456, N460, A475, N487","surface glycoprotein [Severe acute respiratory syndrome coronavirus 2]","SARS-CoV2","B cell","16748932, 16748936, 16748948, 16748949","25-C8","","heavylight","heavy","9606","","IGHV3-53*01","","IGHD2-15*01","","IGHJ4*01","","","","ARDRGGYCDY","","","","","","","","","","","","","","","","","","light","9606","","IGKV1D-12*01","","","","IGKJ2*01","","","","QQTNSFPGYT","","","","","","","","","","","","","","","","",""
"184534","204431","1039638","1391798","N487","surface glycoprotein [Severe acute respiratory syndrome coronavirus 2]","SARS-CoV2","B cell","16748935, 16748941, 16748968, 16748969","25-C8","","heavylight","heavy","9606","","IGHV3-53*01","","IGHD2-15*01","","IGHJ4*01","","","","ARDRGGYCDY","","","","","","","","","","","","","","","","","","light","9606","","IGKV1D-12*01","","","","IGKJ2*01","","","","QQTNSFPGYT","","","","","","","","","","","","","","","","",""
"184535","204432","1039638","1642865","R346, N450, L452, E484, F490","surface glycoprotein [Severe acute respiratory syndrome coronavirus 2]","SARS-CoV2","B cell","16748900, 16748958, 16748959, 16748983","24-12K","","heavylight","heavy","9606","","IGHV4-59*01","","IGHD3-22*01","","IGHJ3*02","","","","ARDLGYDSSGPDAFDI","","","","","","","","","","","","","","","","","","light","9606","","IGKV3-11*01","","","","IGKJ1*01","","","","QQRSGWPGT","","","","","","","","","","","","","","","","",""
"184536","204433","1039638","1642861","K417, L452, F490, N501","surface glycoprotein [Severe acute respiratory syndrome coronavirus 2]","SARS-CoV2","B cell","16748956, 16748957","24-1L","","heavylight","heavy","9606","","IGHV3-20*01","","IGHD3-22*01","","IGHJ3*02","","","","AREGYYDSSEAFDI","","","","","","","","","","","","","","","","","","light","9606","","IGLV2-11*01","","","","IGLJ3*02","","","","CSYAGGYNWV","","","","","","","","","","","","","","","","",""
"184536","204433","1039638","1642866","R403, R408, K417, N501, Y505","surface glycoprotein [Severe acute respiratory syndrome coronavirus 2]","SARS-CoV2","B cell","16748890, 16748944, 16748945, 16748972","24-1L","","heavylight","heavy","9606","","IGHV3-20*01","","IGHD3-22*01","","IGHJ3*02","","","","AREGYYDSSEAFDI","","","","","","","","","","","","","","","","","","light","9606","","IGLV2-11*01","","","","IGLJ3*02","","","","CSYAGGYNWV","","","","","","","","","","","","","","","","",""
"184537","204434","1039638","1642856","F456, N487","surface glycoprotein [Severe acute respiratory syndrome coronavirus 2]","SARS-CoV2","B cell","16748895, 16748952, 16748953, 16748976","24-2K","","heavylight","heavy","9606","","IGHV3-66*01","","IGHD3-10*01","","IGHJ4*01","","","","ARTFGELYIDY","","","","","","","","","","","","","","","","","","light","9606","","IGKV1-9*01","","","","IGKJ3*01","","","","QHLRG","","","","","","","","","","","","","","","","",""
"184538","204435","1039638","1392570","S477","surface glycoprotein [Severe acute respiratory syndrome coronavirus 2]","SARS-CoV2","B cell","16748903, 16748964, 16748965, 16748986","25-B5","","heavylight","heavy","9606","","IGHV4-61*01","","IGHD2-2*01","","IGHJ6*04","","","","AREPLVVPAALPPYGMDV","","","","","","","","","","","","","","","","","","light","9606","","IGKV3-11*01","","","","IGKJ4*01","","","","QQRSNWPPVT","","","","","","","","","","","","","","","","",""
"184539","204436","1039638","1314086","F486, N487","surface glycoprotein [Severe acute respiratory syndrome coronavirus 2]","SARS-CoV2","B cell","16748979","25-B8","","heavylight","heavy","9606","","IGHV3-53*01","","IGHD3-3*01","","IGHJ3*02","","","","ARGQVITILHTAAFDI","","","","","","","","","","","","","","","","","","light","9606","","IGLV2-8*01","","","","IGLJ3*02","","","","SSYAGSNNWV","","","","","","","","","","","","","","","","",""
"184540","204437","1039638","1391798","N487","surface glycoprotein [Severe acute respiratory syndrome coronavirus 2]","SARS-CoV2","B cell","16748905, 16748968, 16748969, 16748988","25-C4","","heavylight","heavy","9606","","IGHV3-53*01","","","","IGHJ6*04","","","","ARESYGMDV","","","","","","","","","","","","","","","","","","light","9606","","IGKV3-20*01","","","","IGKJ2*01","","","","QQYGSLYT","","","","","","","","","","","","","","","","",""
"184541","204438","1039638","1336265","R403, D405, E406, R408, Q409, T415, G416, K417, D420, Y421, L455, F456, R457, K458, N460, Y473, Q474, A475, G476, S477, F486, N487, Y489, Q493, Y495, G502, Y505","surface glycoprotein [Severe acute respiratory syndrome coronavirus 2]","SARS-CoV2","B cell","16748906, 16748940, 16748970, 16748971","25-C5","","heavylight","heavy","9606","","IGHV3-53*01","","IGHD4-17*01","","IGHJ4*01","","","","ARTYGDYYFDY","","","","","","","","","","","","","","","","","","light","9606","","IGKV1-27*01","","","","IGKJ3*01","","","","QKDYSAPPGFT","","","","","","","","","","","","","","","","",""
"184541","204438","1039638","1391798","N487","surface glycoprotein [Severe acute respiratory syndrome coronavirus 2]","SARS-CoV2","B cell","16748931, 16748939, 16748968, 16748969","25-C5","","heavylight","heavy","9606","","IGHV3-53*01","","IGHD4-17*01","","IGHJ4*01","","","","ARTYGDYYFDY","","","","","","","","","","","","","","","","","","light","9606","","IGKV1-27*01","","","","IGKJ3*01","","","","QKDYSAPPGFT","","","","","","","","","","","","","","","","",""
"184542","204439","1039638","1642863","N343, T345, R346, W436","surface glycoprotein [Severe acute respiratory syndrome coronavirus 2]","SARS-CoV2","B cell","16748902, 16748962, 16748963, 16748985","25-C9","","heavylight","heavy","9606","","IGHV5-10-1*01","","IGHD6-19*01","","IGHJ5*02","","","","ASSEVGYSSLREFDP","","","","","","","","","","","","","","","","","","light","9606","","IGLV2-23*03","","","","IGLJ1*01","","","","CSYAGTSTFESYV","","","","","","","","","","","","","","","","",""
"184543","204440","1039638","1336252","F456","surface glycoprotein [Severe acute respiratory syndrome coronavirus 2]","SARS-CoV2","B cell","16748981","25-F5","","heavylight","heavy","9606","","IGHV3-53*01","","IGHD3-16*01","","IGHJ6*04","","","","ARDLGESGMDV","","","","","","","","","","","","","","","","","","light","9606","","IGKV1-12*01","","","","IGKJ4*01","","","","QQANSFPL","","","","","","","","","","","","","","","","",""
"184544","204441","1039638","1642867","Y449, L452, F490","surface glycoprotein [Severe acute respiratory syndrome coronavirus 2]","SARS-CoV2","B cell","16748904, 16748966, 16748967, 16748987","25-F8","","heavylight","heavy","9606","","IGHV1-46*01","","IGHD3-16*01","","IGHJ6*04","","","","ASWGGNIPLYYYYGMDV","","","","","","","","","","","","","","","","","","light","9606","","IGLV2-8*01","","","","IGLJ3*02","","","","TSYAGSNIWV","","","","","","","","","","","","","","","","",""
"184545","204442","1039638","1391798","N487","surface glycoprotein [Severe acute respiratory syndrome coronavirus 2]","SARS-CoV2","B cell","16748915, 16748943, 16748968, 16748969","25-G7","","heavylight","heavy","9606","","IGHV4-39*01","","IGHD3-22*01","","IGHJ1*01","","","","ARMLGMIDV","","","","","","","","","","","","","","","","","","light","9606","","IGKV1-NL1*01","","","","IGKJ4*01","","","","QQYYSTPPLT","","","","","","","","","","","","","","","","",""
"184546","204443","1039638","1642861","K417, L452, F490, N501","surface glycoprotein [Severe acute respiratory syndrome coronavirus 2]","SARS-CoV2","B cell","16748897, 16748978","26-34L","","heavylight","heavy","9606","","IGHV4-31*03","","IGHD3-10*01","","IGHJ6*04","","","","ARDRVTMVRGVDHYYYYGMDV","","","","","","","","","","","","","","","","","","light","9606","","IGLV2-8*01","","","","IGLJ2*01","","","","SSFAGSNVV","","","","","","","","","","","","","","","","",""
"184547","204444","1039638","1642858","K417, E484, N487, N501","surface glycoprotein [Severe acute respiratory syndrome coronavirus 2]","SARS-CoV2","B cell","16748892, 16748946, 16748947, 16748973","26-40K","","heavylight","heavy","9606","","IGHV3-66*01","","IGHD3-16*01","","IGHJ4*01","","","","ARDWGEYYFDY","","","","","","","","","","","","","","","","","","light","9606","","IGKV3-20*01","","","","IGKJ1*01","","","","QQYGSSPRT","","","","","","","","","","","","","","","","",""
"184548","204445","1039638","1642860","K417, F456, N487","surface glycoprotein [Severe acute respiratory syndrome coronavirus 2]","SARS-CoV2","B cell","16748894, 16748950, 16748951, 16748975","26-45K","","heavylight","heavy","9606","","IGHV3-53*01","","IGHD2","","IGHJ6*04","","","","ARDLGPYGMDV","","","","","","","","","","","","","","","","","","light","9606","","IGKV1-9*01","","","","IGKJ2*01","","","","QQLNSYPT","","","","","","","","","","","","","","","","",""
"184549","204446","1039638","1642855","A348, N450, L452","surface glycoprotein [Severe acute respiratory syndrome coronavirus 2]","SARS-CoV2","B cell","16748901, 16748960, 16748961, 16748984","28-15L","","heavylight","heavy","9606","","IGHV3-9*01","","IGHD3-3*01","","IGHJ6*03","","","","AKFPRSNYDFWSGEDNYYYYMDV","","","","","","","","","","","","","","","","","","light","9606","","IGLV2-11*01","","","","IGLJ2*01","","","","FSYAGSWGAV","","","","","","","","","","","","","","","","",""
"184550","204447","1039638","1642857","G476, T478, G485, F486, N487","surface glycoprotein [Severe acute respiratory syndrome coronavirus 2]","SARS-CoV2","B cell","16748896, 16748954, 16748955, 16748977","28-8L","","heavylight","heavy","9606","","IGHV1-18*01","","IGHD1-26*01","","IGHJ4*03","","","","ARDWELLGRFDY","","","","","","","","","","","","","","","","","","light","9606","","IGLV2-23*01","","","","IGLJ3*02","","","","CSYAGSSTWV","","","","","","","","","","","","","","","","",""
"184733","204643","1039493","1625484","T345, R346, N439, N440, L441, S443, K444, V445, G446, G447, N450, Q498, P499, T500, Q506","surface glycoprotein [Severe acute respiratory syndrome coronavirus 2]","SARS-CoV2","B cell","16524226, 16524252, 16524253, 16524254, 16524255, 16524331, 16524332, 16524333, 16524334, 16524335, 16580072, 16583054, 16583055, 16583056","XG005","","heavylight","heavy","9606","","","IGHV2-5*09","","","","IGHJ4*02","QVTLRESGPTLVKPKQTLTLTCTFSGFSLSTPGGGVGWIRQPPGKALEWLALIYWDDDKRYSPSLKSSLTITKDTSKNQVVLTMTNMDPVDTATYYCARLTAADTIFDCWGQGTLVTVSSASTKGPSVFPLAPSSKSTSGGTAALGCLVKDYFPEPVTVSWNSGALTSGVHTFPAVLQSSGLYSLSSVVTVPSSSLGTQTYICNVNHKPSNTKVDKRVEPKSCDKTHHHHHH","7V26_e","","ARLTAADTIFDC","","","98","109","","GFSLSTPGGG","","","26","35","","IYWDDDK","","","53","59","light","9606","","","IGLV2-14*03","","","","IGLJ3*01","QSALTQPASVSGSPGLSITISCTATSSDVGAYNYVSWYQQHPGQAPKLMIYDVSKRPSGVSNRFSGSKSANTASLTISGLQAEDEADYYCSSYTTTSVVFGGGTKLTVLGQPKAAPSVTLFPPSSEELQANKATLVCLISDFYPGAVTVAWKADSSPVKAGVETTTPSKQSNNKYAASSYLSLTPEQWKSHRSYSCQVTHEGSTVEKTVAPTECS","7V26_d","","SSYTTTSVV","","","91","99","","SSDVGAYNY","","","26","34","","DVS","","","52","54"
